{"tion": 0.0031174186185486895, "nthe": 0.0026597139655935684, "ther": 0.002418969125194427, "that": 0.002126009483398428, "ofth": 0.001925272427687791, "fthe": 0.0019177534792417053, "thes": 0.0018270457620555122, "with": 0.0018058143974121208, "inth": 0.0017191214734218966, "atio": 0.0016819904955567549, "othe": 0.0016336091481502467, "tthe": 0.0015513393856715198, "dthe": 0.001531743388172285, "ingt": 0.0015295812850849107, "ethe": 0.0014524219265640457, "sand": 0.0014196314896062741, "sthe": 0.0013608988931583283, "here": 0.0013329378554102838, "thec": 0.0012940117141036045, "ment": 0.0011761052466916868, "them": 0.0011627214190288468, "rthe": 0.0011512139550001392, "thep": 0.0010555158586305613, "from": 0.0010324845958405249, "this": 0.0010285218844007392, "ting": 0.0010159827281290908, "thei": 0.000998388563949339, "ngth": 0.0009854703945338292, "ions": 0.0009576180182680036, "andt": 0.0009517618982556984, "onth": 0.0009412934652628483, "toth": 0.0009258938369004579, "edto": 0.0009200590230611369, "thef": 0.0009169071298710237, "they": 0.0009018270941033947, "have": 0.0008842390850402827, "edth": 0.0008756867872044686, "inga": 0.000870222937510326, "ndth": 0.0008567799260336414, "thet": 0.0008515615707993267, "ould": 0.0008393408234461628, "orth": 0.0008351188869017374, "ever": 0.000828097082491947, "then": 0.0008269257164483328, "ight": 0.0008249743077382454, "eand": 0.0008214005523230471, "atth": 0.0008205085338807799, "theb": 0.0008115246676744101, "over": 0.0008104060935927454, "ding": 0.0007793701016125858, "iona": 0.0007667840717603723, "gthe": 0.0007590998821060322, "fort": 0.0007537375918364472, "thea": 0.0007497147496417954, "ring": 0.000730433373296959, "ally": 0.0007239657661200104, "ands": 0.0007019186117865836, "efor": 0.0006891465080236424, "ings": 0.0006883517877713358, "edin": 0.0006861210314599015, "anda": 0.0006739502352456224, "thin": 0.00067392679845534, "ough": 0.0006715625234598719, "were": 0.0006707917134683586, "erth": 0.0006683398464284005, "year": 0.0006534742928021446, "will": 0.000646382888227273, "thel": 0.0006358424877167877, "said": 0.0006326858598215668, "heir": 0.0006228123425254836, "nter": 0.0006196294370169158, "ents": 0.0006195304816801674, "econ": 0.0006160710693933172, "ning": 0.0006144669513028705, "comp": 0.0006057674041382106, "tand": 0.0006052321457257992, "sion": 0.0006022653795053922, "time": 0.000601705263891166, "ound": 0.000601483442956876, "form": 0.0005993156582233725, "nand": 0.0005947260718273438, "land": 0.0005918861957038199, "thew": 0.0005908772300453955, "king": 0.0005885316571351024, "port": 0.0005874668219564086, "ythe": 0.0005870546658767941, "hthe": 0.0005857618546471705, "heco": 0.0005831170483740787, "ated": 0.0005800847064879318, "andi": 0.000576471889755596, "thed": 0.0005758071371584924, "inte": 0.0005733481680608728, "hing": 0.0005719348585862615, "ngto": 0.0005553877744410501, "some": 0.0005489490489652577, "thee": 0.0005436225057192349, "also": 0.0005379048758313264, "enti": 0.000536477835711903, "onal": 0.0005330212642481173, "ctio": 0.0005300000489189731, "more": 0.000527138156416699}