{"ofthe": 0.0017859852764512164, "ation": 0.0016902349764980225, "inthe": 0.0015835353235494857, "there": 0.0008914389005034986, "ingth": 0.00088475079688957, "tothe": 0.0008487861587613119, "ngthe": 0.0007598756108652038, "other": 0.0007464855085193321, "atthe": 0.0007439309629436857, "tions": 0.0007190373798788968, "andth": 0.000710692642798252, "ndthe": 0.0006983199984904344, "onthe": 0.0006780604372834462, "edthe": 0.0006291041033827293, "their": 0.0006256600306831613, "tiona": 0.0006021264921867814, "orthe": 0.0005955296651239473, "forth": 0.0005839466468329477, "ingto": 0.0005503920929671864, "theco": 0.0005376569777359933, "ction": 0.0005348669338671028, "which": 0.0004925150933012279, "these": 0.000483580532417972, "after": 0.0004732926349543141, "eofth": 0.0004632701821589312, "about": 0.00044542525706344453, "erthe": 0.00043894270536772885, "ional": 0.0004358994349515761, "first": 0.0004355213919131845, "would": 0.00043506644658371316, "witht": 0.0004275661972789432, "sthat": 0.0004221907031753744, "asthe": 0.0003988327702221764, "ition": 0.00039765192476195305, "inter": 0.00038912487415011934, "fromt": 0.00038589617577977457, "ithth": 0.0003857071542605787, "ththe": 0.0003850904985059399, "thefi": 0.000383491122508283, "state": 0.00037708211910964353, "ionof": 0.0003765387720810806, "esand": 0.0003736227138660597, "thatt": 0.00036540566812854713, "hatth": 0.0003599640524289098, "thing": 0.0003580599421189372, "tiono": 0.00035631203210112646, "count": 0.0003490875290176421, "nthes": 0.00033479663971083725, "ement": 0.00033028575734716413, "natio": 0.00032438632146605253, "romth": 0.00032392251200957204, "tofth": 0.0003228923567085049, "thest": 0.0003208243798343625, "years": 0.0003175410592759611, "thepr": 0.00031672987186912076, "dthat": 0.0003145306100868424, "utthe": 0.0003122664245634968, "eople": 0.0003089411790800519, "peopl": 0.00030893686680204745, "omthe": 0.0003072047684702531, "dwith": 0.00030696663489600636, "witha": 0.0003067713845308041, "thema": 0.00029989138454567665, "ought": 0.00029949657153726766, "hewas": 0.00029843215758316495, "softh": 0.00029733827639603173, "ember": 0.0002970155742586974, "rough": 0.0002943848451049721, "sinth": 0.00029105049592351785, "round": 0.0002878004757341509, "swith": 0.00028620157887849454, "cause": 0.0002856898552219644, "ingin": 0.0002850758347483283, "under": 0.00028034358878042584, "ethat": 0.0002788084178108355, "eason": 0.00027732858774230244, "bythe": 0.0002705178237762467, "uring": 0.0002671032183097093, "ratio": 0.0002660598866036285, "themo": 0.0002640173042555124, "enthe": 0.000262854666191308, "erand": 0.0002624124181248498, "swere": 0.00026191363130233307, "ssion": 0.0002583809173326733, "again": 0.0002579556788072328, "edint": 0.0002576023115818667, "point": 0.00025750025433576097, "itwas": 0.0002570960980583423, "where": 0.00025685772491309536, "ident": 0.00025603431938524236, "ingan": 0.00025569532641989113, "efore": 0.00025425239028539635, "schoo": 0.0002527320727178213, "every": 0.0002517524668978065, "chool": 0.00025052634251853626, "ments": 0.0002470209396429048, "esthe": 0.00024534681749317045, "could": 0.00024366119593542421, "onand": 0.00024136155390404188, "thene": 0.0002406651210063204, "rethe": 0.00024038865607203398}